{
  "0": {
    "al_x": 1.763285,
    "al_y": -11.679261,
    "al_z": -1.959827,
    "gl_x": 0.022804,
    "gl_y": -0.657427,
    "gl_z": -0.26662,
    "ar_x": -4.257736,
    "ar_y": -6.313707,
    "ar_z": 2.100567,
    "gr_x": -0.32376,
    "gr_y": -0.478492,
    "gr_z": 0.254177,
    "al_mag": 13.265791,
    "gl_mag": 1.025467,
    "ar_mag": 11.305996,
    "gr_mag": 1.11144
  },
  "1": {
    "al_x": 1.327061,
    "al_y": -9.042898,
    "al_z": -0.353047,
    "gl_x": -0.008804,
    "gl_y": -0.644828,
    "gl_z": -0.12711,
    "ar_x": -3.3851,
    "ar_y": -5.727801,
    "ar_z": 2.502017,
    "gr_x": -0.262069,
    "gr_y": -0.462923,
    "gr_z": 0.270324,
    "al_mag": 9.966096,
    "gl_mag": 1.001674,
    "ar_mag": 9.990604,
    "gr_mag": 1.115702
  }
}