{
  "al_x": [
    -3.510425,
    6.227535
  ],
  "al_y": [
    -11.9392,
    -7.304
  ],
  "al_z": [
    -8.57545,
    7.22735
  ],
  "gl_x": [
    -1.763445,
    1.776435
  ],
  "gl_y": [
    -1.234515,
    -0.123835
  ],
  "gl_z": [
    -1.9666,
    1.69548
  ],
  "ar_x": [
    -13.39945,
    6.12975
  ],
  "ar_y": [
    -19.70965,
    7.77155
  ],
  "ar_z": [
    -7.047925,
    12.092275
  ],
  "gr_x": [
    -1.908817,
    1.299015
  ],
  "gr_y": [
    -2.083155,
    1.079045
  ],
  "gr_z": [
    -1.759705,
    2.300655
  ]
}